Title,Patent Number,Issue Date,Inventors,Assignee,Abstract,Google Patents URL
Method and Apparatus for Dynamic CPU Frequency Scaling,US10123456B2,2023-05-15,"Ashok Raj, John Smith, Jane Doe",Intel Corporation,A system and method for dynamically adjusting processor frequency based on workload demand...,https://patents.google.com/patent/US10123456B2
,,,,,,
,,,,,,
,,,,,,
,,,,,,
,,,,,,
,,,,,,
,,,,,,
,,,,,,
,,,,,,
,,,,,,
,,,,,,
,,,,,,
,,,,,,
,,,,,,
,,,,,,
,,,,,,
,,,,,,
,,,,,,
,,,,,,
,,,,,,
