Patent Title,Patent Number,Publication Date,Issue Date,Inventors,Assignee,Abstract,Patent URL,Notes
Example: Method and Apparatus for Processing,US10123456B2,2023-03-15,2023-05-30,"Ashok Raj, John Smith",Intel Corporation,A method for improving processor efficiency...,https://patents.google.com/patent/US10123456B2,Key invention for CPU architecture
,,,,,,,,
,,,,,,,,
,,,,,,,,
,,,,,,,,
,,,,,,,,
,,,,,,,,
,,,,,,,,
,,,,,,,,
,,,,,,,,
,,,,,,,,
,,,,,,,,
,,,,,,,,
,,,,,,,,
,,,,,,,,
,,,,,,,,
,,,,,,,,
,,,,,,,,
,,,,,,,,
,,,,,,,,
,,,,,,,,
